<?xml version="1.0" encoding="UTF-8"?>
<!DOCTYPE suite SYSTEM "http://testng.org/testng-1.0.dtd">
<suite name="Suite">
<listeners>
<listener class-name="listerners.TestListener"/>
</listeners>
  <test thread-count="5" name="Test">
    <classes>
      <class name="Test.HomeTest"/>
      <class name="Test.WebViewTest"/>
      <class name="Test.LoginTest"/>
      <class name="Test.FormsTest"/>
      <class name="Test.SwipeTest"/>
      <class name="Test.DragDropTest"/>
      
     
    </classes>
  </test> <!-- Test -->
</suite> <!-- Suite -->
